Episode,Score,Average_Score
1,-68.57047074790101,-68.57047074790101
2,-145.33662616822227,-106.95354845806165
3,-183.59423020738046,-132.50044237450126
4,-408.2159255531652,-201.42931316916724
5,-225.8178327939414,-206.30701709412205
6,-64.14673468306644,-182.61363669227944
7,-243.26482080949145,-191.2780915661669
8,-326.44154844022523,-208.17352367542418
9,-109.10272308570961,-197.16565694323367
10,-272.19213870376086,-204.66830511928637
11,-324.39393743297535,-215.55245351143992
12,-250.55933262091747,-218.4696934372297
13,-480.2346997797448,-238.6054631558847
14,-51.74422448769337,-225.25823182244247
15,-201.61475099347746,-223.68199976717816
16,-339.2136647394718,-230.90272882794653
17,-99.71754810638818,-223.18595349138428
18,-204.47104996170015,-222.14623662862402
19,-260.077122776971,-224.1425990574844
20,-104.79834602960352,-218.17538640609035
21,-542.9950723691147,-233.6429904995677
22,-102.55632124413393,-227.68450553341162
23,-339.9198580575264,-232.5643034692427
24,-246.06680785309615,-233.12690781856995
25,-245.17064594477543,-233.60865734361815
26,-130.22450949239618,-229.632343964725
27,-212.64247937459058,-229.00308972064596
28,-131.39164147033296,-225.51696656884906
29,-421.8291307882143,-232.28635154193063
30,-183.88005089168905,-230.6728081869226
31,-76.55395944068712,-225.701232420915
32,-160.37729373141713,-223.65985933686818
33,-56.14326809111752,-218.58359899608786
34,-171.50424684434347,-217.19891216809538
35,-289.1810595777951,-219.25554495122967
36,-157.63026077347652,-217.54373150184765
37,-295.7488841184844,-219.65738427527023
38,-275.7394814465797,-221.13322893767312
39,-245.39170272018814,-221.75524108594274
40,-123.24099956949236,-219.29238504803146
41,-63.50529990721097,-215.4927000445968
42,-156.03387336086683,-214.07701369498417
43,-99.06781911234737,-211.40238126282983
44,-270.8494195751206,-212.7534503153819
45,-56.69852017759149,-209.28556297898658
46,-246.30487728465624,-210.09033068128375
47,-206.67561436066262,-210.01767714254714
48,-233.52818704201005,-210.50747943211925
49,-336.0897128979074,-213.07038215591083
50,-125.9872275376462,-211.32871906354555
51,-66.54751046619832,-208.48987183614656
52,8.675502934426618,-204.31361462902018
53,-140.0371868082804,-203.10085183994963
54,-164.77626844518963,-202.39113733263926
55,-187.12360108770793,-202.11354576454957
56,-321.54119209619773,-204.24618230618617
57,-219.8919510088233,-204.52066947640787
58,-387.6526818232891,-207.67811796514718
59,-244.4185608650099,-208.3008373363313
60,-209.00744078286976,-208.3126140604403
61,-145.9442816080978,-207.29018238089367
62,-264.84202186396044,-208.21843785642702
63,-406.7773952872999,-211.37016733945674
64,-44.50729368402865,-208.76293493859066
65,-178.546042390686,-208.2980596686229
66,-155.12446700987817,-207.49239917379344
67,-178.21166501710036,-207.05537329085774
68,-223.4695208536972,-207.29675781384069
69,-389.05548262325954,-209.9309422313685
70,-158.48168018159976,-209.19595277351465
71,-122.42283640925274,-207.9737962050039
72,-75.10204055803928,-206.12835515435165
73,-345.1549840438312,-208.03282952270067
74,-242.89625571070545,-208.50395690361967
75,-186.82495858360633,-208.21490359268614
76,-306.2259003990255,-209.50452197171694
77,-102.07883302784614,-208.10938315426407
78,-268.75538039356064,-208.88689593938327
79,3.5070060029168815,-206.19836553505033
80,-18.978691200465704,-203.858119605868
81,-36.25264158798899,-201.78891617354853
82,-277.73692104742076,-202.7151113549372
83,-243.99754646580413,-203.21249009121271
84,-189.60625990023232,-203.0505111603677
85,-200.58101374118075,-203.02145824955375
86,-204.62416093380347,-203.04009432727756
87,-285.57073585368687,-203.9887223907995
88,-64.356866549003,-202.4019967562337
89,-242.518819793173,-202.85274757687347
90,-39.18641139566192,-201.03423273041557
91,-168.27329268394266,-200.67422240023456
92,-124.84635056871596,-199.85000640206587
93,-297.21601907185754,-200.89695277485933
94,-79.88755408888831,-199.60961874628518
95,-76.70199526287807,-198.3158542885651
96,-200.1974194697566,-198.33545392586913
97,-110.21066161710056,-197.42695091237667
98,-0.6926720260484274,-195.41945827067943
99,-182.50849453164108,-195.28904449553764
100,-305.6706640134658,-196.39286069071693
101,-315.4573181361228,-198.86172916459915
102,-353.5603275981163,-200.94396617889808
103,-240.70577964404768,-201.51508167326475
104,-425.3514680560394,-201.6864370982935
105,-184.84171511360705,-201.27667592149018
106,-141.08553184069504,-202.04606389306645
107,-214.62770965297833,-201.75969278150126
108,-120.65298323941676,-199.70180712949315
109,-239.00350619621207,-201.0008149605982
110,-274.2782454797588,-201.0216760283582
111,-159.23499678914783,-199.37008662191994
112,-360.7023360818141,-200.47151665652893
113,-157.86177320983245,-197.24778739082979
114,-203.27622093328134,-198.76310735528565
115,-252.067565908695,-199.26763550443783
116,-213.08590702194363,-198.00635792726257
117,-181.20846058119898,-198.82126705201065
118,-481.16224825965645,-201.58817903499025
119,-299.17544693786033,-201.97916227659914
120,7.451928647988012,-200.85665952982322
121,-225.61351493934205,-197.6828439555255
122,-258.02612472182005,-199.2375419903023
123,-296.51952792182124,-198.80353868894525
124,-220.22845983344223,-198.5451552087487
125,-3.7849204520769035,-196.1312979538217
126,-78.31812912252462,-195.61223415012304
127,-140.382615844284,-194.8896355148199
128,-225.04094780373694,-195.826128578154
129,-255.48001599053046,-194.1626374301772
130,-271.1963140819157,-195.03580006207946
131,-259.43859990212627,-196.86464646669384
132,-253.71791067303926,-197.79805263611007
133,-169.8544877091841,-198.93516483229072
134,-20.676724069490803,-197.4268896045422
135,-206.38208197725302,-196.5988998285368
136,-243.58220783780493,-197.45841929918006
137,-150.24077018623422,-196.00333815985755
138,-190.42326628666092,-195.15017600825834
139,-161.5102793036107,-194.31136177409257
140,-328.35447060693036,-196.362496484467
141,-212.4925497915129,-197.85236898330996
142,-235.04766363198388,-198.64250688602118
143,-145.30882262824412,-199.10491692118015
144,-243.3967146434634,-198.8303898718636
145,-221.2326611329403,-200.47573128141707
146,-193.04122220842623,-199.94309473065476
147,-323.5758586348775,-201.1120971733969
148,-180.0357836571995,-200.57717313954882
149,-94.28609397369729,-198.1591369503067
150,-218.36318074380836,-199.0828964823683
151,-180.3262665203991,-200.22068404291028
152,-343.07281677203065,-203.73816723997487
153,-187.38536233700006,-204.21164899526207
154,-123.00869745318003,-203.793973285342
155,-314.27226900351144,-205.06545996450006
156,-134.38804900192372,-203.19392853355734
157,-225.3091535721394,-203.2481005591905
158,-182.82994552071415,-201.19987319616473
159,-178.15715284085053,-200.5372591159231
160,-176.8929472613762,-200.21611418070813
161,-256.8617015794677,-201.32528838042185
162,-96.63952254177953,-199.64326338720002
163,-16.20705440789189,-195.73755997840595
164,-389.37851161651736,-199.18627215773085
165,-202.0927648298818,-199.42173938212284
166,-209.48852222736878,-199.96537993429774
167,-102.56689300084759,-199.2089322141352
168,-151.98709453202991,-198.4941079509185
169,-237.64116584378039,-196.97996478312373
170,-136.81247617783959,-196.76327274308613
171,-231.8714437296141,-197.8577588162897
172,-227.1841189547195,-199.37857960025656
173,-218.70833244658138,-198.11411308428407
174,-222.96845930527832,-197.91483512022975
175,-220.0074611323473,-198.24666014571721
176,-184.75105947449055,-197.03191173647184
177,-288.44663789316644,-198.89558978512503
178,-218.11194030293188,-198.38915538421872
179,-338.79169097770733,-201.812142354025
180,-193.6960407792318,-203.5593158498127
181,-88.00251002939359,-204.07681453422677
182,-282.57356757017953,-204.1251809994543
183,-95.09850442060029,-202.63619057900226
184,-242.1219869353945,-203.1613478493539
185,-73.96647104474721,-201.89520242238956
186,-150.20417217114036,-201.35100253476287
187,-360.2582855026865,-202.0978780312529
188,-56.105341630273955,-202.0153627820656
189,-221.02866552513845,-201.8004612393853
190,-192.48988589336955,-203.33349598436234
191,-232.94924399201886,-203.98025549744315
192,-175.91739640597095,-204.49096595581565
193,-204.10785947347716,-203.55988435983184
194,-268.641507952036,-205.4474238984633
195,-125.64541436829776,-205.93685808951753
196,-133.68791385076864,-205.27176303332763
197,18.658004454393932,-203.98307637261271
198,-182.1363120985769,-205.79751277333796
199,-208.85606421524045,-206.06098847017398
200,-191.7615196763253,-204.92189702680255
201,-202.6866196919837,-203.79419004236118
202,-183.70220747543163,-202.09560884113432
203,-181.02272385796005,-201.49877828327345
204,-152.8282666639983,-198.77354626935306
205,-134.40714939469677,-198.26920061216396
206,-40.30394084600789,-197.26138470221707
207,-157.4310800455561,-196.68941840614286
208,-227.38640917176443,-197.75675266546637
209,-145.3697696018424,-196.82041529952264
210,-405.25215162062636,-198.13015436093139
211,-258.57228288917213,-199.12352722193157
212,-233.03736779496842,-197.84687753906314
213,-161.68289403058674,-197.88508874727063
214,-325.1407602422172,-199.10373414036002
215,-32.74270512963224,-196.91048553256942
216,-206.85986672332277,-196.84822512958323
217,-150.72535830169164,-196.54339410678816
218,-227.74995355806894,-194.00927115977223
219,-193.15077443089478,-192.94902443470255
220,-233.0302207069472,-195.3538459282519
221,-156.06198583883986,-194.65833063724688
222,-175.10592838830536,-193.8291286739117
223,-169.0184105819051,-192.55411750051258
224,-207.3836973425666,-192.42566987560383
225,-182.53414726774287,-194.21316214376048
226,-68.1269252625143,-194.11125010516037
227,-172.87057955047288,-194.43612974222225
228,-235.64610610634892,-194.54218132524838
229,-260.84869965996035,-194.59586816194266
230,-223.7604101015089,-194.12150912213863
231,-244.1704850831273,-193.96882797394863
232,-129.39394510245074,-192.72558831824273
233,-208.84826813394005,-193.1155261224903
234,-180.37227013128154,-194.7124815831082
235,-150.3336215335651,-194.15199697867135
236,-112.48304179057212,-192.84100531819902
237,-198.53324845554755,-193.32393010089214
238,-235.24489023198856,-193.77214634034542
239,-203.0387925118053,-194.18743147242733
240,-157.2579736770079,-192.47646650312814
241,-69.22496434627334,-191.04379064867578
242,-199.8368518106611,-190.69168253046254
243,-209.34781683837386,-191.33207247256385
244,-131.2680948492274,-190.21078627462146
245,-316.5323333064696,-191.16378299635676
246,-182.155292602744,-191.05492370029992
247,-167.89590872299607,-189.4981242011811
248,-202.14760637574994,-189.71924242836664
249,-209.1530293443852,-190.8679117820735
250,-192.13343555050218,-190.60561433014044
251,-184.2750465180382,-190.64510213011687
252,-165.41877059783212,-188.86856166837487
253,-206.1791812544829,-189.05649985754968
254,-173.8523352821012,-189.5649362358389
255,-142.42741018308845,-187.84648764763463
256,-106.33475791592882,-187.5659547367747
257,-376.1219857549942,-189.07408305860324
258,-200.81538067638684,-189.25393741015995
259,-332.5945891433181,-190.79831177318465
260,-351.3796434922192,-192.5431787354931
261,-266.2186706842322,-192.63674842654075
262,17.67637496257794,-191.49358945149714
263,-183.57729921767685,-193.16729189959497
264,-294.3602959633298,-192.21710974306308
265,-169.33557896405023,-191.88953788440477
266,-270.9929396857402,-192.50458205898852
267,-184.63368131235848,-193.32524994210365
268,-155.33263807976297,-193.358705377581
269,-329.9074977476241,-194.28136869661944
270,-76.12242060164522,-193.67446814085747
271,-161.0938495657636,-192.96669219921895
272,-136.91668908274016,-192.06401790049915
273,-130.54924483536558,-191.18242702438704
274,-189.49413239965475,-190.8476837553308
275,-205.83698881229583,-190.70597903213024
276,27.963024909242975,-188.57883818829288
277,-149.00918793780005,-187.18446368873924
278,-138.0880047130268,-186.3842243328402
279,-198.37049649078148,-184.98001238797096
280,-201.2891718621666,-185.0559436988003
281,-128.67767304204588,-185.46269532892683
282,-181.4133545315338,-184.45109319854032
283,-51.492456258160544,-184.01503271691598
284,-177.53704159845262,-183.36918326354657
285,-113.27549814350581,-183.7622735345342
286,-156.56314246085466,-183.8258632374313
287,-212.8000934835908,-182.3512813172404
288,-174.24771385140104,-183.5327050394516
289,-157.94674060526887,-182.9018857902529
290,-341.81404275229545,-184.39512735884216
291,-139.1124624394387,-183.45675954331637
292,-206.79922198303308,-183.76557779908697
293,-356.232508953536,-185.28682429388758
294,-17.549566642920823,-182.77590488079642
295,-120.24010776323937,-182.72185181474583
296,-343.85240718279584,-184.82349674806608
297,-217.09270609061988,-187.18100385351624
298,-117.37954408269502,-186.53343617335742
299,4.723494457508025,-184.39764058662996
300,-180.88000750793174,-184.28882546494603
301,-205.64403005343468,-184.3183995685605
302,-166.16240900553026,-184.1430015838615
303,-218.00759131855085,-184.51285025846738
304,-156.45012683536237,-184.549068860181
305,-315.5372008583994,-186.36036937481805
306,-183.38801190192157,-187.7912100853772
307,-158.96615295030722,-187.8065608144247
308,5.134361741504449,-185.481353105292
309,-142.3889540678149,-185.45154494995174
310,-161.82542994826701,-183.01727773322816
311,-185.12975962666678,-182.2828525006031
312,-271.0228406372368,-182.66270722902576
313,-7.632868555274456,-181.1222069742727
314,-207.39811072626748,-179.94478047911318
315,-197.89646786557194,-181.59631810647258
316,-134.51336291573753,-180.8728530683967
317,-183.7861384681412,-181.2034608700612
318,-184.69844731985344,-180.77294580767906
319,-209.03218051438992,-180.931759868514
320,3.343188412951889,-178.56802577731503
321,-73.01761926523386,-177.73758211157892
322,-161.36136252393248,-177.60013645293517
323,-203.20268325237723,-177.9419791796399
324,-208.24911791721868,-177.95063338538642
325,-218.43615316236594,-178.3096534443327
326,-188.19403386518565,-179.51032453035936
327,-192.5229544924755,-179.7068482797794
328,-203.59612844150524,-179.38634850313102
329,-173.25759721351142,-178.51043747866655
330,-186.58114380338856,-178.13864481568532
331,17.110320036114913,-175.52583676449294
332,-143.03583547766564,-175.66225566824505
333,-112.2703404516096,-174.69647639142175
334,-282.90233148585526,-175.72177700496752
335,-197.31799553178573,-176.19162074494972
336,-184.4452400063256,-176.91124272710726
337,-184.5714200009377,-176.77162444256115
338,-201.41105295268267,-176.43328606976812
339,-11.613984016293912,-174.519037984813
340,-156.2825420931174,-174.50928366897406
341,-71.80939077325948,-174.53512793324393
342,-156.8192953915085,-174.1049523690524
343,-328.0166767292824,-175.2916409679615
344,-112.88428861780557,-175.10780290564725
345,-181.8253950568789,-173.7607335231514
346,-269.74995516412207,-174.63668014876515
347,-348.239328773289,-176.44011434926807
348,-151.6389309233481,-175.93502759474407
349,-206.29115577095524,-175.90640885900976
350,-15.372688747533786,-174.1388013909801
351,-192.1323630782884,-174.21737455658257
352,-214.82714018033477,-174.71145825240762
353,-215.45416368047904,-174.80420807666758
354,-155.20459765427404,-174.6177307003893
355,-391.5735303894046,-177.10919190245244
356,-149.69946586775765,-177.5428389819707
357,-202.30626788369077,-175.80468180325767
358,-59.948530472249544,-174.3960133012163
359,-17.965439403347986,-171.24972180381664
360,-119.61544250673984,-168.93207979396186
361,-214.22945986287493,-168.41218768574828
362,-123.70392596286574,-169.8259906950027
363,-304.26378198457815,-171.0328555226717
364,-162.5471709287769,-169.71472427232618
365,-191.46901094346623,-169.9360585921203
366,-179.52567769654826,-169.0213859722284
367,-101.90212100609091,-168.1940703691657
368,-19.41598402923806,-166.83490382866046
369,-129.5352557918142,-164.83118140910238
370,-121.02262607886847,-165.28018346387464
371,-169.22582106831294,-165.36150317890008
372,-193.29529315109778,-165.92528921958368
373,-222.3415794983974,-166.843212566214
374,-224.1755694855856,-167.19002693707327
375,-194.10627322114277,-167.0727197811618
376,-32.53304915195393,-167.67768052177377
377,-91.22325406535768,-167.09982118304933
378,-157.6977291968783,-167.2959184278878
379,-167.62484425564583,-166.9884619055365
380,-321.2950921951249,-168.18852110886604
381,-205.74877792009158,-168.9592321576465
382,-143.9727867661792,-168.58482647999296
383,-211.33109709913347,-170.1832128884027
384,-209.71081463753433,-170.50495061879352
385,-167.35793424922588,-171.04577497985073
386,-105.78843463828159,-170.538027901625
387,-181.76389103784248,-170.22766587716748
388,-159.51587992438476,-170.08034753789732
389,-279.63907217053134,-171.29727085354997
390,-195.82138498729935,-169.8373442759
391,-159.2228778568351,-170.03844843007394
392,-205.3948792204361,-170.024405002448
393,-169.164401866113,-168.15372393157378
394,-192.58677582468658,-169.90409602339142
395,-143.89290468724022,-170.14062399263142
396,-143.81921583582843,-168.14029207916172
397,-150.41969375610017,-167.47356195581654
398,-220.72437174110243,-168.5070102324006
399,-188.8772924095287,-170.443018101071
400,-325.20444507503163,-171.88626247674202
401,-162.02184849668333,-171.45004066117446
402,19.54682068087429,-169.59294836431044
403,-207.3726917676725,-169.48659936880165
404,-156.80715503607223,-169.49016965080875
405,-183.66050346174893,-168.17140267684226
406,-306.8995252218392,-169.4065178100414
407,-181.55443514947308,-169.63240063203307
408,-170.20992388738728,-171.385843488322
409,-145.22054188036213,-171.41415936644745
410,-170.11696407348313,-171.49707470769965
411,-138.76090802635923,-171.0333861916966
412,-187.9381489960473,-170.2025392752847
413,-118.97806241213684,-171.31599121385335
414,-161.27533238313129,-170.85476343042194
415,-135.79943481836378,-170.23379309994988
416,-235.93655774878465,-171.2480250482803
417,-185.95173757540368,-171.26968103935295
418,-224.82661100105105,-171.67096267616492
419,-131.24328066721944,-170.89307367769325
420,-189.52322636855376,-172.82173782550825
421,-109.00159874960536,-173.18157762035196
422,-191.42382760404163,-173.48220227115308
423,-139.18409500733114,-172.8420163887026
424,-44.95290200672768,-171.20905422959768
425,-183.85366026675013,-170.86322930064154
426,-194.1895583414759,-170.92318454540447
427,-32.02188726022135,-169.31817387308195
428,-138.84261350918058,-168.67063872375869
429,-166.57656684191505,-168.60382842004267
430,-280.2304216908354,-169.54032119891716
431,-145.77968187327068,-171.16922121801102
432,-366.856383850944,-173.4074267017438
433,-37.470871924885486,-172.65943201647653
434,-264.2169727102734,-172.47257842872074
435,-154.05589691573854,-172.03995744256025
436,-303.8593902773324,-173.23409894527035
437,-160.8212702494685,-172.99659744775562
438,32.912869933725716,-170.65335821889155
439,-161.47716606048874,-172.1519900393335
440,-248.92657579950833,-173.07843037639742
441,-173.20048242389657,-174.0923412929038
442,-151.42628762034485,-174.0384112151922
443,27.479953644228587,-170.48344491145707
444,-187.48484183184513,-171.22945044359741
445,-0.4325794499292499,-169.41552228752798
446,-135.41210646188506,-168.07214380050556
447,-253.74767602612621,-167.12722727303398
448,-178.10548179640563,-167.3918927817645
449,-202.88522162616053,-167.3578334403166
450,-174.83650777882428,-168.9524716306295
451,-277.16691327469965,-169.80281713259362
452,-89.8967068001525,-168.5535127987918
453,-249.24488873477054,-168.89142004933467
454,-244.90349153754863,-169.78840898816742
455,-40.13018597278848,-166.2739755440013
456,-100.15870519062709,-165.77856793723
457,-315.47053136829595,-166.91021057207598
458,-184.19985865558618,-168.15272385390938
459,-239.19487318022803,-170.36501819167816
460,-156.37948433239345,-170.73265860993473
461,-176.393509717156,-170.35429910847753
462,-148.78337924374136,-170.6050936412863
463,-134.32278203312865,-168.9056836417718
464,-193.4266557401442,-169.21447848988547
465,-181.3062169146079,-169.11285054959689
466,-178.92687415495388,-169.10686251418093
467,-206.18837290186292,-170.14972503313865
468,-191.19329020931596,-171.86749809493944
469,-144.5695616369893,-172.0178411533912
470,-92.75147965362164,-171.73512968913874
471,-148.49128990714706,-171.52778437752707
472,12.351539316716767,-169.4713160528489
473,-201.9945521000705,-169.26784577886562
474,-158.89055598514858,-168.61499564386125
475,-145.658296725608,-168.13051587890592
476,-54.380463720401366,-168.3489900245904
477,-120.26126753363765,-168.6393701592732
478,-207.72659820586847,-169.13965884936312
479,-135.49958248467544,-168.8184062316534
480,-68.91603556268001,-166.29461566532896
481,-18.945258360984568,-164.42658046973793
482,-141.07863647436244,-164.39763896681973
483,-173.38798492150246,-164.0182078450434
484,-203.46922486541803,-163.9557919473223
485,-29.81644280280554,-162.58037703285802
486,20.068362811963027,-161.3218090583556
487,-195.9814439381517,-161.46398458735868
488,-135.19759580296568,-161.22080174614447
489,-140.1725883683761,-159.82613690812295
490,-179.6115702121145,-159.66403876037108
491,-91.84892710564898,-158.99029925285924
492,-185.62328337790234,-158.7925832944339
493,-187.99801176114002,-158.98091939338417
494,-204.34834768790455,-159.09853511201635
495,-153.00035092501426,-159.1896095743941
496,-178.46227299068522,-159.53604014594265
497,-203.5664489784333,-160.067507698166
498,-155.12717062379753,-159.41153568699295
499,-185.17799372863715,-159.37454270018404
500,-182.21312357857272,-157.94462948521942
501,-228.089794605354,-158.60530894630614
502,-196.4532707435017,-160.76530986054988
503,-170.25133176007273,-160.3940962604739
504,-190.68843813106565,-160.73290909142383
505,13.421981084573957,-158.7620842459606
506,-96.02620808096162,-156.65335107455186
507,-148.92250886640394,-156.32703181172116
508,-100.05903354547846,-155.62552290830206
509,-200.7746330280625,-156.18106381977907
510,-189.72728661420877,-156.3771670451863
511,-33.60193166697826,-155.3255772815925
512,-205.4056299192766,-155.5002520908248
513,-164.1711920615497,-155.95218338731894
514,-170.75764574287373,-156.04700652091634
515,-224.34234624570462,-156.93243563518976
516,-304.95151665574394,-157.62258522425935
517,-179.6263613365183,-157.5593314618705
518,55.78122931069578,-154.75325305875305
519,-176.34272760257284,-155.20424752810655
520,-163.37979326412483,-154.94281319706226
521,-162.39053179940845,-155.4767025275603
522,-202.53734180849136,-155.5878376696048
523,-30.76789392557467,-154.50367565878724
524,-14.183093416818224,-154.19597757288813
525,-124.72973164313535,-153.60473828665198
526,-158.60670842648295,-153.2489097875021
527,-138.93130754585763,-154.31800399035842
528,-235.2489295125322,-155.28206715039195
529,-102.90742848741377,-154.64537576684694
530,-184.0757535282429,-153.683829085221
531,-205.9817982241957,-154.28585024873024
532,-332.5230006761516,-153.94251641698233
533,-31.12998532982931,-153.87910755103178
534,-136.91941429574553,-152.6061319668865
535,-152.6535220093626,-152.59210821782276
536,-294.57299931335507,-152.49924430818297
537,-120.58993362995288,-152.0969309419878
538,-156.95943974120965,-153.99565403873717
539,-133.15758210447805,-153.71245819917706
540,-171.42942206759858,-152.93748666185797
541,-172.48735925499483,-152.93035543016896
542,-349.6348372617021,-154.91244092658252
543,-99.23942090899322,-156.17963467211473
544,-120.85486873224863,-155.51333494111876
545,-175.0813286101962,-157.25982243272142
546,-176.32517214135805,-157.66895308951615
547,-208.09138621736005,-157.2123901914285
548,-187.08140462557878,-157.30214941972022
549,-126.30224311678205,-156.53631963462647
550,-151.4965939133432,-156.30292049597162
551,-184.17247679240967,-155.37297613114876
552,-146.18646632126018,-155.93587372635983
553,-166.39725822396477,-155.10739742125173
554,-121.88218244686588,-153.8771843303449
555,-361.6933536834853,-157.0928160074519
556,-196.13467334906457,-158.05257568903625
557,-110.64977570481886,-156.00436813240148
558,-174.48241933409824,-155.9071937391866
559,-151.2911419300608,-155.02815642668492
560,-157.65597646061133,-155.0409213479671
561,-143.58326779727918,-154.71281892876837
562,-184.0646165409175,-155.06563130174015
563,-94.68785827534649,-154.6692820641623
564,-149.04651880765925,-154.22548069483747
565,-140.62020704198278,-153.8186205961112
566,-162.48310340717833,-153.65418288863344
567,-161.3402192737758,-153.20570135235255
568,-307.788623721961,-154.371654687479
569,-176.10019999158146,-154.68696107102494
570,-164.99938679997018,-155.40944014248845
571,-180.2227907230149,-155.7267551506471
572,-98.40610344073954,-156.83433157822165
573,-315.9604384926728,-157.9739904421477
574,-130.9140178836417,-157.6942250611326
575,-304.5821061161824,-159.28346315503836
576,9.16134768721281,-158.64804504096222
577,-160.86654442697838,-159.05409780989564
578,-119.67074064943607,-158.1735392343313
579,-159.87430428628505,-158.41728645234738
580,-163.28812325791932,-159.36100732929978
581,-141.93788579049027,-160.59093360359483
582,-166.59928045840846,-160.84614004343533
583,-186.15886565998363,-160.97384885082013
584,-148.45081516187918,-160.42366475378475
585,-263.91188730019155,-162.76461919875862
586,-180.79201105503927,-164.7732229374286
587,-144.01442445134296,-164.25355274256054
588,-279.45015780575113,-165.69607836258837
589,-172.69236350543065,-166.02127611395892
590,-166.08389069001794,-165.88599931873796
591,-179.31562108087346,-166.7606662584902
592,-99.54904320443947,-165.89992385675555
593,-148.16011745951778,-165.50154491373934
594,-225.39476437154678,-165.71200908057577
595,-149.3128919757672,-165.67513449108327
596,-210.87504641387235,-165.9992622253152
597,-22.83295794328731,-164.19192731496372
598,-250.07335058496125,-165.14138911457536
599,-103.88399913397494,-164.3284491686287
600,-151.30078760307697,-164.01932580887376
601,-194.35061591930761,-163.6819340220133
602,-190.06873650111578,-163.61808867958945
603,-29.918975443317862,-162.2147651164219
604,-131.34037788897683,-161.62128451400102
605,12.642388402333069,-161.62908044082343
606,-208.97151681170666,-162.75853352813087
607,-194.44745632736283,-163.21378300274046
608,-178.66692517613996,-163.9998619190471
609,15.161144339248139,-161.84050414537398
610,-153.94938307731283,-161.48272511000502
611,-140.0235013729707,-162.54694080706494
612,-195.6773394275333,-162.44965790214752
613,-125.4377586653611,-162.06232356818563
614,-198.36932501856768,-162.33844036094257
615,-45.52395596482117,-160.55025645813373
616,-160.93596168373088,-159.11010090841359
617,-163.08909505778718,-158.9447282456263
618,-110.62575012440615,-160.60879803997727
619,-230.35585706037097,-161.14892933455525
620,-196.40275056600444,-161.47915890757406
621,-140.34278033083237,-161.25868139288832
622,-306.2682893557985,-162.2959908683614
623,-193.37983253954707,-163.9221102545011
624,-249.610218515181,-166.27638150548472
625,-154.44673953019338,-166.5735515843553
626,-7.374710955642627,-165.06123160964694
627,-177.21815071435626,-165.44410004133186
628,-217.56107102098406,-165.26722145641642
629,-102.03824826875466,-165.25852965422982
630,-148.18713956505772,-164.89964351459795
631,-220.34936039542828,-165.0433191363103
632,-148.7223808181741,-163.2053129377305
633,-167.69515084707467,-164.57096459290295
634,-167.2093203245753,-164.87386365319125
635,-140.622433669835,-164.75355276979602
636,-170.27664123895914,-163.510589189052
637,-267.6172804344773,-164.98086265709728
638,-219.94885581272263,-165.6107568178124
639,-213.15416879480125,-166.41072268471567
640,-136.66397418148972,-166.0630682058546
641,-179.74696708257136,-166.1356642841303
642,-172.28668283819445,-164.36218273989525
643,11.379318853345453,-163.2559953422719
644,-170.2206392367574,-163.74965304731694
645,-120.35013836624515,-163.20234114487744
646,-183.54932591862743,-163.27458268265013
647,-208.2515816263045,-163.2761846367396
648,-16.752427779953848,-161.57289486828333
649,-169.43728476650728,-162.00424528478058
650,-175.92463540120792,-162.2485256996592
651,-177.8427760854428,-162.18522869258956
652,-260.8733048702711,-163.33209707807967
653,-156.57342663249756,-163.233858762165
654,-177.71547199997624,-163.79219165769612
655,-334.1409581382387,-163.51666770224364
656,-156.9845784527353,-163.12516675328035
657,3.5736454293270157,-161.98293254193888
658,-169.85025131205822,-161.9366108617185
659,-325.74526304289594,-163.68115207284683
660,-290.9310572227223,-165.01390288046795
661,-218.8533032815496,-165.76660323531064
662,-145.73625377416795,-165.38331960764316
663,-150.69549859948677,-165.94339601088458
664,-205.20256654628696,-166.50495648827084
665,-136.80582514864065,-166.46681266933746
666,-130.02882256088586,-166.1422698608745
667,-187.41810969142392,-166.40304876505098
668,-132.15809478485568,-164.6467434756799
669,-189.970959722298,-164.7854510729871
670,-371.927456904835,-166.8547317740357
671,-158.02609061272386,-166.63276477293283
672,-167.31285386564696,-167.32183227718187
673,-139.9565155160779,-165.56179304741596
674,-223.08172661887434,-166.48347013476828
675,-152.26611663770512,-164.96031023998353
676,-6.30090005094074,-165.11493271736504
677,-134.0514164526534,-164.8467814376218
678,-158.08155793280997,-165.23088961045553
679,-304.51599047625507,-166.67730647235527
680,-141.36311636888286,-166.45805640346487
681,-199.90436322913524,-167.03772117785135
682,-196.0110650369183,-167.33183902363638
683,-113.01229027004877,-166.6003732697371
684,-159.60369543267672,-166.71190207244504
685,-91.78339266818033,-164.99061712612496
686,-191.6708843405011,-165.09940585897957
687,-203.67235323062525,-165.69598514677236
688,-139.8951322086254,-164.3004348908011
689,11.29121149725357,-162.4605991407743
690,-135.22940091033848,-162.15205424297747
691,-163.95101053012013,-161.99840813746997
692,-141.55236834796113,-162.41844138890517
693,-167.73679129459873,-162.61420812725598
694,1.4198786624668287,-160.34606169691583
695,-86.78673270529244,-159.72080010421107
696,-237.8133657465604,-159.99018329753798
697,-142.4443866122236,-161.1862975842273
698,-124.27247327395358,-159.92828881111723
699,-154.95781571047732,-160.43902697688225
700,-178.61205661492698,-160.71213966700077
701,-166.14032559997787,-160.43003676380746
702,-157.4476604482619,-160.10382600327893
703,-136.02369345923648,-161.1648731834381
704,-137.073848774714,-161.22220789229547
705,-147.42771783142797,-162.8229089546331
706,-135.0937491427512,-162.08413127794356
707,-319.3691179868666,-163.3333478945386
708,-213.43594910865772,-163.68103813386375
709,-146.027355741677,-165.29292313467303
710,-143.66854966299815,-165.19011480052987
711,-149.50251664779535,-165.2849049532781
712,40.850623688861646,-162.91962532211414
713,-301.1527129374671,-164.6767748648352
714,-177.01657053497422,-164.46324731999928
715,-150.91584621952688,-165.51716622254634
716,43.087572072058634,-163.47693088498846
717,-227.99421123154295,-164.12598204672602
718,-238.99449295853557,-165.40966947506732
719,-179.48082272812064,-164.9009191317448
720,-159.3089110486864,-164.52998073657164
721,-187.22799212584576,-164.9988328545218
722,-249.4397198962081,-164.43054715992585
723,-175.02459420971516,-164.24699477662753
724,-217.02312402337066,-163.92112383170945
725,-164.17328910380377,-164.01838932744556
726,-373.79359453497597,-167.68257816323887
727,-212.01546411542392,-168.0305512972495
728,-127.93005056894387,-167.13424109272913
729,-164.2854786869945,-167.75671339691152
730,-228.42063544163727,-168.55904835567736
731,-365.9189127921402,-170.01474387964453
732,-248.6523418812195,-171.01404349027496
733,12.845422393181735,-169.2086377578724
734,-170.87354065481128,-169.24527996117476
735,-206.04227495821283,-169.89947837405853
736,-172.884308753943,-169.92555504920836
737,-154.56737249569107,-168.79505596982045
738,-19.24048493607087,-166.78797226105394
739,-173.0426426564092,-166.38685699967002
740,-235.6226834397976,-167.37644409225308
741,-98.04478113821612,-166.5594222328095
742,-150.40295306237437,-166.34058493505134
743,-359.24497596968945,-170.0468278832817
744,-161.35987923479138,-169.95822028326205
745,-0.4075668921549038,-168.75879456852113
746,-112.76271482673269,-168.05092845760217
747,-177.76629696743868,-167.7460756110135
748,-165.03910092383336,-169.22894234245229
749,-223.8848406829063,-169.77341790161626
750,-129.31563374596877,-169.30732788506393
751,-88.38980511623667,-168.41279817537188
752,-133.07598704530614,-167.1348249971222
753,-136.44649247513462,-166.9335556555486
754,-209.22442048449233,-167.24864514039373
755,-185.06565142403772,-165.75789207325172
756,-140.39804194170978,-165.59202670814145
757,-196.83419410693045,-167.59610510350404
758,-176.88285182852405,-167.6664311086687
759,-298.41895818939133,-167.39316806013366
760,-214.08309069939406,-166.62468839490037
761,-89.62986690528314,-165.33245403113776
762,-200.2555551262484,-165.87764704465854
763,-7.554422859110602,-164.44623628725475
764,-282.22672389211164,-165.21647786071298
765,-166.60664565650373,-165.5144860657916
766,-190.98112864982917,-166.12400912668105
767,-148.58743168041036,-165.73570234657095
768,-164.83863834498814,-166.06250778217225
769,-146.03791777225658,-165.62317736267184
770,-185.7176198247861,-163.7610789918714
771,-4.777980185442388,-162.22859788759857
772,30.039919571118986,-160.2550701532309
773,-117.02118598417063,-160.02571685791182
774,-139.81761596832536,-159.19307575140635
775,-167.66508996391033,-159.34706548466838
776,-202.93063148816663,-161.31336279904065
777,-141.31212391167966,-161.3859698736309
778,-161.7573494900768,-161.42272778920358
779,-184.9306893122063,-160.22687477756307
780,-139.35697876397668,-160.20681340151404
781,-256.2643264971286,-160.77041303419395
782,-131.28400090483032,-160.1231423928731
783,-178.20934781775782,-160.77511296835016
784,-129.62942643229457,-160.47537027834633
785,-77.45198385765724,-160.3320561902411
786,-141.1942795561973,-159.82729014239808
787,-140.66985853805033,-159.19726519547234
788,-182.12539762789467,-159.61956784966503
789,-164.63046418842083,-161.37878460652178
790,-347.13758087138206,-163.4978664061322
791,-185.63248675146247,-163.71468116834563
792,-159.18345376801045,-163.89099202254613
793,-183.1956870572511,-164.04558098017264
794,-134.33342722441262,-165.40311403904144
795,-183.48840175347777,-166.37013072952325
796,-145.01467771909861,-165.44214384924868
797,-177.2401161876533,-165.79010114500298
798,-62.05179876020189,-165.16789439986545
799,-182.84578383813349,-165.446774081142
800,-168.04091802357755,-165.34106269522852
801,-139.86832200099815,-165.0783426592387
802,-35.90437735418239,-163.86290982829792
803,-1.6619865968752094,-162.5192927596743
804,-195.28113696288025,-163.10136564155596
805,-146.04738138095917,-163.08756227705126
806,-340.9770859638815,-165.14639564526257
807,-140.01191451481344,-163.35282361054203
808,-141.66901703242934,-162.63515428977973
809,-209.58960631683874,-163.27077679553136
810,-118.26179004721712,-163.01670919937357
811,-151.14696336562753,-163.0331536665519
812,-223.81030267883756,-165.67976293022886
813,-27.27199045883698,-162.9409557054426
814,-160.1343650179939,-162.7721336502728
815,-202.34002386313304,-163.28637542670884
816,-199.71615699223497,-165.71441271735176
817,-211.56493317450338,-165.55011993678139
818,-286.7149688883145,-166.02732469607915
819,-186.4782537930164,-166.0972990067281
820,-147.82239140898366,-165.98243381033106
821,-137.85035049692465,-165.48865739404187
822,5.462492467399443,-162.9396352704058
823,-185.066859955051,-163.04005792785918
824,-53.76594592432775,-161.40748614686876
825,-193.9124407836211,-161.7048776636669
826,-196.13892533340103,-159.92833097165118
827,32.34118747638158,-157.48476445573309
828,-186.69710199398565,-158.07243496998356
829,-85.46639356233037,-157.2842441187369
830,-197.16647655988046,-156.97170252991933
831,-75.38589149166677,-154.0663723169146
832,-259.6370032183436,-154.17621893028584
833,-143.72541194342597,-155.7419272736519
834,-191.50799430467012,-155.9482718101505
835,-317.5090198669267,-157.06293925923762
836,-123.52589376232854,-156.56935510932146
837,-16.07454655815023,-155.18442684994605
838,-348.0730686640132,-158.4727526872255
839,-155.41880865509023,-158.29651434721228
840,-168.59807946878158,-157.62626830750213
841,-218.7368534586379,-158.83318903070636
842,-222.61512687069305,-159.55531076878955
843,-181.90981387030956,-157.78195914779576
844,-252.85147273744093,-158.69687508282226
845,-131.53739024669827,-160.00817331636767
846,-193.5340131249896,-160.81588629935027
847,-183.6470669325278,-160.87469399900112
848,-195.82984147750565,-161.18260140453788
849,-167.57201349078676,-160.6194731326167
850,-224.93390720718497,-161.57565586722885
851,-122.7956003691509,-161.91971381975796
852,-185.16896721230634,-162.44064362142797
853,-156.43184789388494,-162.6404971756155
854,-226.8948928485254,-162.81720189925582
855,-187.1730795786357,-162.8382761808018
856,-169.40109233119264,-163.12830668469664
857,-104.59288899721243,-162.20589363359946
858,-127.00711062984706,-161.70713622161267
859,-169.4197905537328,-160.4171445452561
860,-49.39845673680816,-158.77029820563024
861,-130.6820468385957,-159.18082000496335
862,-163.59903740538078,-158.81425482775467
863,-401.17417083672694,-162.75045230753082
864,-184.38686213940446,-161.77205369000376
865,-79.23943035955426,-160.89838153703425
866,-138.61095343217758,-160.37467978485773
867,-116.46101687140894,-160.05341563676774
868,-38.905222703294925,-158.7940814803508
869,-324.1010679971955,-160.5747129826002
870,-134.71002259722383,-160.0646370103246
871,-197.80511538993318,-161.99490836236947
872,-171.7912982210707,-164.01322054029137
873,-226.35265628854984,-165.10653524333517
874,-8.814570138934656,-163.79650478504126
875,-153.52117912343772,-163.65506567663655
876,-128.59652031959314,-162.9117245649508
877,-158.1248441623552,-163.0798517674576
878,22.591534943981173,-161.23636292311699
879,-127.41610952883967,-160.66121712528331
880,-279.2451834024276,-162.06009917166782
881,-119.23008009055917,-160.68975670760213
882,-114.61174816899634,-160.5230341802438
883,-304.95696322351387,-161.79051033430133
884,-187.17578204311548,-162.36597389040955
885,-192.5105012265456,-163.51655906409846
886,-101.42066288217512,-163.11882289735823
887,-167.85001648095147,-163.39062447678725
888,-212.1403469742204,-163.6907739702505
889,-174.2776968922376,-163.78724629728865
890,-49.33453878200521,-160.80921587639486
891,-175.5521999940953,-160.7084130088212
892,-163.01681277837716,-160.74674659892486
893,-203.24308383875626,-160.9472205667399
894,-285.91309568815745,-162.46301725137738
895,-154.616639590791,-162.17429962975052
896,-200.94124128596843,-162.73356526541923
897,-119.28842776538906,-162.1540483811966
898,25.139402226354036,-161.282136371331
899,-129.67730190457416,-160.75045155199544
900,-96.67299470719074,-160.03677231883154
901,-106.20729391438171,-159.70016203796538
902,-100.85056598581954,-160.34962392428176
903,-67.21245048266975,-161.0051285631397
904,-110.80750612177633,-160.16039225472866
905,-121.18935378719998,-159.91181197879106
906,-221.92379513606977,-158.721279070513
907,-278.3750225626243,-160.10491015099106
908,-193.2562149671138,-160.62078213033791
909,-39.2580390802496,-158.91746645797204
910,-215.81578254890775,-159.89300638298894
911,-151.46830976214994,-159.89621984695412
912,-165.19688818479824,-159.31008570201377
913,-171.3635364714753,-160.75100116214014
914,-306.81218628314093,-162.2177793747916
915,-178.06342797538787,-161.9750134159142
916,-123.3902668860005,-161.21175451485183
917,-9.699633161650496,-159.19310151472328
918,-111.625255641552,-157.44220438225565
919,-61.25001020622847,-156.18992194638776
920,-370.5174902166966,-158.4168729344649
921,-131.38064318494722,-158.3521758613451
922,-148.30891611670523,-159.88988994718616
923,-41.133976601245465,-158.45056111364812
924,-171.37664083243095,-159.62666806272918
925,-239.83694647980192,-160.08591311969099
926,-17.432640949660055,-158.29885027585357
927,-203.1770919842342,-160.65403307045972
928,-189.19285838199613,-160.6789906343398
929,-123.78052750125784,-161.0621319737291
930,-229.39935223315837,-161.38446073046185
931,-228.20438094057894,-162.91264562495095
932,-220.6615892070005,-162.52289148483754
933,-67.19336059742699,-161.75757097137756
934,-156.72004023058474,-161.4096914306367
935,-170.5541784169252,-159.9401430161367
936,-103.01357480018126,-159.7350198265152
937,-94.14486659351122,-160.51572302686884
938,-171.6396036053722,-158.75138837628245
939,-280.74566753356135,-160.00465696506717
940,-189.0081464762224,-160.20875763514158
941,-139.31860208402264,-159.41457512139542
942,-142.08894405660953,-158.6093132932546
943,-142.18520206981515,-158.21206717524964
944,-241.4580000942625,-158.09813244881784
945,-144.78376571444812,-158.23059620349534
946,-173.69000469541973,-158.03215611919964
947,-162.63605516815835,-157.82204600155595
948,-177.13000120549947,-157.6350475988359
949,-177.14786980909028,-157.73080616201892
950,-117.65808840165381,-156.65804797396362
951,-192.78992419303864,-157.35799121220248
952,-196.9635089269172,-157.4759366293486
953,-218.68695283527882,-158.09848767876255
954,-159.34023547783264,-157.42294110505563
955,-201.68469115604321,-157.56805722082967
956,-10.039856946887028,-155.9744448669866
957,-143.71675325238994,-156.3656835095384
958,-113.89399245161694,-156.2345523277561
959,-142.24804899101116,-155.96283491212887
960,-298.9347090022665,-158.45819743478344
961,-1.8647031084550463,-157.17002399748205
962,-199.53576899444565,-157.52939131337268
963,-6.311455312237257,-153.5807641581278
964,-242.78683984484002,-154.16476393518215
965,9.59066119072726,-153.27646301967937
966,-274.9278869364123,-154.63963235472173
967,-231.02752985808922,-155.7852974845885
968,-157.1247170810393,-156.96749242836594
969,-155.2003346162603,-155.27848509455657
970,-115.34921863400801,-155.08487705492445
971,-4.156419737542791,-153.14839009840054
972,1.622156452389774,-151.41425555166592
973,28.311009165672345,-148.8676188971237
974,-238.71318941642102,-151.16660508989855
975,-139.81179018888002,-151.02951120055297
976,-295.26329792693826,-152.69617897662644
977,-164.64918514597025,-152.76142238646258
978,-41.732192446554535,-153.40465966036794
979,-15.070266780877944,-152.28120123288832
980,-366.8053237113721,-153.15680263597778
981,-4.4488151711237265,-152.0089899867834
982,-177.75251727459536,-152.64039767783942
983,-148.95867441493377,-151.0804147897536
984,-212.93650215749886,-151.33802199089746
985,-215.5996003642496,-151.5689129822745
986,-181.09820494178075,-152.36568840287055
987,-27.225975635180262,-150.9594479944128
988,-167.59104979038625,-150.51395502257446
989,-167.31600048631415,-150.44433805851523
990,-175.63538867037946,-151.707346557399
991,-127.54840991415746,-151.2273086565996
992,-113.44823250411399,-150.73162285385698
993,-117.19483718544325,-149.87114038732386
994,-185.03625778441702,-148.86237200828643
995,-189.75594485014017,-149.21376506087992
996,-167.46440215319006,-148.87899666955215
997,-30.57159281781321,-147.9918283200764
998,-46.35744610975003,-148.70679680343744
999,-157.83166958167192,-148.98834048020842
1000,-163.0511662619041,-149.65212219575557
